-- SQLite data inserts for Part 4 SQL Business Analysis
PRAGMA foreign_keys = ON;

-- Insert customers
INSERT INTO customers (customer_id, first_name, last_name, email, city, region, segment, signup_date) VALUES (1, 'Aarav', 'Sharma', 'aarav.sharma1@example.com', 'Mumbai', 'West', 'Consumer', '2023-01-18');
INSERT INTO customers (customer_id, first_name, last_name, email, city, region, segment, signup_date) VALUES (2, 'Diya', 'Patel', 'diya.patel2@example.com', 'Ahmedabad', 'West', 'Corporate', '2023-01-31');
INSERT INTO customers (customer_id, first_name, last_name, email, city, region, segment, signup_date) VALUES (3, 'Vivaan', 'Mehta', 'vivaan.mehta3@gmail.com', 'Pune', 'West', 'Home Office', '2023-02-13');
INSERT INTO customers (customer_id, first_name, last_name, email, city, region, segment, signup_date) VALUES (4, 'Anaya', 'Reddy', 'anaya.reddy4@example.com', 'Hyderabad', 'South', 'Consumer', '2023-02-26');
INSERT INTO customers (customer_id, first_name, last_name, email, city, region, segment, signup_date) VALUES (5, 'Ishaan', 'Nair', 'ishaan.nair5@example.com', 'Bengaluru', 'South', 'Corporate', '2023-03-11');
INSERT INTO customers (customer_id, first_name, last_name, email, city, region, segment, signup_date) VALUES (6, 'Myra', 'Menon', 'myra.menon6@gmail.com', 'Chennai', 'South', 'Small Business', '2023-03-24');
INSERT INTO customers (customer_id, first_name, last_name, email, city, region, segment, signup_date) VALUES (7, 'Aditya', 'Khan', 'aditya.khan7@example.com', 'Delhi', 'North', 'Consumer', '2023-04-06');
INSERT INTO customers (customer_id, first_name, last_name, email, city, region, segment, signup_date) VALUES (8, 'Sara', 'Verma', 'sara.verma8@example.com', 'Jaipur', 'North', 'Home Office', '2023-04-19');
INSERT INTO customers (customer_id, first_name, last_name, email, city, region, segment, signup_date) VALUES (9, 'Kabir', 'Joshi', 'kabir.joshi9@gmail.com', 'Lucknow', 'North', 'Corporate', '2023-05-02');
INSERT INTO customers (customer_id, first_name, last_name, email, city, region, segment, signup_date) VALUES (10, 'Aisha', 'Gupta', 'aisha.gupta10@example.com', 'Chandigarh', 'North', 'Small Business', '2023-05-15');
INSERT INTO customers (customer_id, first_name, last_name, email, city, region, segment, signup_date) VALUES (11, 'Reyansh', 'Sinha', 'reyansh.sinha11@example.com', 'Kolkata', 'East', 'Consumer', '2023-05-28');
INSERT INTO customers (customer_id, first_name, last_name, email, city, region, segment, signup_date) VALUES (12, 'Kiara', 'Das', 'kiara.das12@gmail.com', 'Bhubaneswar', 'East', 'Home Office', '2023-06-10');
INSERT INTO customers (customer_id, first_name, last_name, email, city, region, segment, signup_date) VALUES (13, 'Arjun', 'Roy', 'arjun.roy13@example.com', 'Guwahati', 'East', 'Corporate', '2023-06-23');
INSERT INTO customers (customer_id, first_name, last_name, email, city, region, segment, signup_date) VALUES (14, 'Siya', 'Sen', 'siya.sen14@example.com', 'Patna', 'East', 'Small Business', '2023-07-06');
INSERT INTO customers (customer_id, first_name, last_name, email, city, region, segment, signup_date) VALUES (15, 'Krish', 'Kapoor', 'krish.kapoor15@gmail.com', 'Indore', 'Central', 'Consumer', '2023-07-19');
INSERT INTO customers (customer_id, first_name, last_name, email, city, region, segment, signup_date) VALUES (16, 'Navya', 'Mishra', 'navya.mishra16@example.com', 'Bhopal', 'Central', 'Corporate', '2023-08-01');
INSERT INTO customers (customer_id, first_name, last_name, email, city, region, segment, signup_date) VALUES (17, 'Rohan', 'Tiwari', 'rohan.tiwari17@example.com', 'Nagpur', 'Central', 'Home Office', '2023-08-14');
INSERT INTO customers (customer_id, first_name, last_name, email, city, region, segment, signup_date) VALUES (18, 'Ira', 'Chawla', 'ira.chawla18@gmail.com', 'Raipur', 'Central', 'Small Business', '2023-08-27');
INSERT INTO customers (customer_id, first_name, last_name, email, city, region, segment, signup_date) VALUES (19, 'Dhruv', 'Malhotra', 'dhruv.malhotra19@example.com', 'Surat', 'West', 'Consumer', '2023-09-09');
INSERT INTO customers (customer_id, first_name, last_name, email, city, region, segment, signup_date) VALUES (20, 'Meera', 'Bajaj', 'meera.bajaj20@example.com', 'Kochi', 'South', 'Corporate', '2023-09-22');

-- Insert products
INSERT INTO products (product_id, product_name, category, unit_price, cost_price) VALUES (1, 'Wireless Mouse', 'Electronics', 799.00, 420.00);
INSERT INTO products (product_id, product_name, category, unit_price, cost_price) VALUES (2, 'Bluetooth Speaker', 'Electronics', 2499.00, 1400.00);
INSERT INTO products (product_id, product_name, category, unit_price, cost_price) VALUES (3, 'USB-C Charger', 'Electronics', 1199.00, 700.00);
INSERT INTO products (product_id, product_name, category, unit_price, cost_price) VALUES (4, 'Webcam HD', 'Electronics', 3299.00, 2200.00);
INSERT INTO products (product_id, product_name, category, unit_price, cost_price) VALUES (5, 'Mixer Grinder', 'Home & Kitchen', 4599.00, 3200.00);
INSERT INTO products (product_id, product_name, category, unit_price, cost_price) VALUES (6, 'Vacuum Flask', 'Home & Kitchen', 899.00, 540.00);
INSERT INTO products (product_id, product_name, category, unit_price, cost_price) VALUES (7, 'Air Fryer', 'Home & Kitchen', 6599.00, 4700.00);
INSERT INTO products (product_id, product_name, category, unit_price, cost_price) VALUES (8, 'Knife Set', 'Home & Kitchen', 1499.00, 980.00);
INSERT INTO products (product_id, product_name, category, unit_price, cost_price) VALUES (9, 'Denim Jacket', 'Fashion', 2799.00, 1800.00);
INSERT INTO products (product_id, product_name, category, unit_price, cost_price) VALUES (10, 'Running Shoes', 'Fashion', 3599.00, 2400.00);
INSERT INTO products (product_id, product_name, category, unit_price, cost_price) VALUES (11, 'Leather Wallet', 'Fashion', 1299.00, 760.00);
INSERT INTO products (product_id, product_name, category, unit_price, cost_price) VALUES (12, 'Cotton T-Shirt', 'Fashion', 699.00, 430.00);
INSERT INTO products (product_id, product_name, category, unit_price, cost_price) VALUES (13, 'Ergonomic Chair', 'Office Supplies', 8499.00, 6100.00);
INSERT INTO products (product_id, product_name, category, unit_price, cost_price) VALUES (14, 'Desk Organizer', 'Office Supplies', 999.00, 500.00);
INSERT INTO products (product_id, product_name, category, unit_price, cost_price) VALUES (15, 'Notebook Pack', 'Office Supplies', 499.00, 220.00);
INSERT INTO products (product_id, product_name, category, unit_price, cost_price) VALUES (16, 'Laser Printer', 'Office Supplies', 15499.00, 12100.00);
INSERT INTO products (product_id, product_name, category, unit_price, cost_price) VALUES (17, 'Skin Care Kit', 'Beauty', 1899.00, 1100.00);
INSERT INTO products (product_id, product_name, category, unit_price, cost_price) VALUES (18, 'Hair Dryer', 'Beauty', 2299.00, 1500.00);
INSERT INTO products (product_id, product_name, category, unit_price, cost_price) VALUES (19, 'Perfume Set', 'Beauty', 3199.00, 2100.00);
INSERT INTO products (product_id, product_name, category, unit_price, cost_price) VALUES (20, 'Makeup Brush Set', 'Beauty', 1399.00, 800.00);

-- Insert orders
INSERT INTO orders (order_id, customer_id, order_date, order_status, delivery_city) VALUES (1, 1, '2024-01-03', 'Completed', 'Mumbai');
INSERT INTO orders (order_id, customer_id, order_date, order_status, delivery_city) VALUES (2, 2, '2024-01-06', 'Completed', 'Ahmedabad');
INSERT INTO orders (order_id, customer_id, order_date, order_status, delivery_city) VALUES (3, 3, '2024-01-09', 'Completed', 'Pune');
INSERT INTO orders (order_id, customer_id, order_date, order_status, delivery_city) VALUES (4, 4, '2024-01-12', 'Completed', 'Hyderabad');
INSERT INTO orders (order_id, customer_id, order_date, order_status, delivery_city) VALUES (5, 5, '2024-01-15', 'Completed', 'Bengaluru');
INSERT INTO orders (order_id, customer_id, order_date, order_status, delivery_city) VALUES (6, 6, '2024-01-18', 'Completed', 'Chennai');
INSERT INTO orders (order_id, customer_id, order_date, order_status, delivery_city) VALUES (7, 7, '2024-01-21', 'Completed', 'Delhi');
INSERT INTO orders (order_id, customer_id, order_date, order_status, delivery_city) VALUES (8, 8, '2024-01-24', 'Completed', 'Jaipur');
INSERT INTO orders (order_id, customer_id, order_date, order_status, delivery_city) VALUES (9, 9, '2024-01-27', 'Completed', 'Lucknow');
INSERT INTO orders (order_id, customer_id, order_date, order_status, delivery_city) VALUES (10, 10, '2024-01-30', 'Completed', 'Chandigarh');
INSERT INTO orders (order_id, customer_id, order_date, order_status, delivery_city) VALUES (11, 11, '2024-02-02', 'Completed', 'Kolkata');
INSERT INTO orders (order_id, customer_id, order_date, order_status, delivery_city) VALUES (12, 12, '2024-02-05', 'Completed', 'Bhubaneswar');
INSERT INTO orders (order_id, customer_id, order_date, order_status, delivery_city) VALUES (13, 13, '2024-02-08', 'Completed', 'Guwahati');
INSERT INTO orders (order_id, customer_id, order_date, order_status, delivery_city) VALUES (14, 14, '2024-02-11', 'Completed', 'Patna');
INSERT INTO orders (order_id, customer_id, order_date, order_status, delivery_city) VALUES (15, 15, '2024-02-14', 'Completed', 'Indore');
INSERT INTO orders (order_id, customer_id, order_date, order_status, delivery_city) VALUES (16, 16, '2024-02-17', 'Completed', 'Bhopal');
INSERT INTO orders (order_id, customer_id, order_date, order_status, delivery_city) VALUES (17, 17, '2024-02-20', 'Completed', 'Nagpur');
INSERT INTO orders (order_id, customer_id, order_date, order_status, delivery_city) VALUES (18, 1, '2024-02-23', 'Completed', 'Mumbai');
INSERT INTO orders (order_id, customer_id, order_date, order_status, delivery_city) VALUES (19, 2, '2024-02-26', 'Completed', 'Ahmedabad');
INSERT INTO orders (order_id, customer_id, order_date, order_status, delivery_city) VALUES (20, 3, '2024-02-29', 'Completed', 'Pune');
INSERT INTO orders (order_id, customer_id, order_date, order_status, delivery_city) VALUES (21, 4, '2024-03-03', 'Completed', 'Hyderabad');
INSERT INTO orders (order_id, customer_id, order_date, order_status, delivery_city) VALUES (22, 5, '2024-03-06', 'Completed', 'Bengaluru');
INSERT INTO orders (order_id, customer_id, order_date, order_status, delivery_city) VALUES (23, 6, '2024-03-09', 'Completed', 'Chennai');
INSERT INTO orders (order_id, customer_id, order_date, order_status, delivery_city) VALUES (24, 7, '2024-03-12', 'Completed', 'Delhi');
INSERT INTO orders (order_id, customer_id, order_date, order_status, delivery_city) VALUES (25, 8, '2024-03-15', 'Completed', 'Jaipur');
INSERT INTO orders (order_id, customer_id, order_date, order_status, delivery_city) VALUES (26, 9, '2024-03-18', 'Completed', 'Lucknow');
INSERT INTO orders (order_id, customer_id, order_date, order_status, delivery_city) VALUES (27, 10, '2024-03-21', 'Completed', 'Chandigarh');
INSERT INTO orders (order_id, customer_id, order_date, order_status, delivery_city) VALUES (28, 11, '2024-03-24', 'Completed', 'Kolkata');
INSERT INTO orders (order_id, customer_id, order_date, order_status, delivery_city) VALUES (29, 12, '2024-03-27', 'Completed', 'Bhubaneswar');
INSERT INTO orders (order_id, customer_id, order_date, order_status, delivery_city) VALUES (30, 13, '2024-03-30', 'Completed', 'Guwahati');
INSERT INTO orders (order_id, customer_id, order_date, order_status, delivery_city) VALUES (31, 14, '2024-04-02', 'Completed', 'Patna');
INSERT INTO orders (order_id, customer_id, order_date, order_status, delivery_city) VALUES (32, 15, '2024-04-05', 'Completed', 'Indore');
INSERT INTO orders (order_id, customer_id, order_date, order_status, delivery_city) VALUES (33, 16, '2024-04-08', 'Completed', 'Bhopal');
INSERT INTO orders (order_id, customer_id, order_date, order_status, delivery_city) VALUES (34, 17, '2024-04-11', 'Completed', 'Nagpur');
INSERT INTO orders (order_id, customer_id, order_date, order_status, delivery_city) VALUES (35, 1, '2024-04-14', 'Cancelled', 'Mumbai');
INSERT INTO orders (order_id, customer_id, order_date, order_status, delivery_city) VALUES (36, 2, '2024-04-17', 'Cancelled', 'Ahmedabad');
INSERT INTO orders (order_id, customer_id, order_date, order_status, delivery_city) VALUES (37, 3, '2024-04-20', 'Cancelled', 'Pune');
INSERT INTO orders (order_id, customer_id, order_date, order_status, delivery_city) VALUES (38, 4, '2024-04-23', 'Cancelled', 'Hyderabad');
INSERT INTO orders (order_id, customer_id, order_date, order_status, delivery_city) VALUES (39, 5, '2024-04-26', 'Cancelled', 'Bengaluru');
INSERT INTO orders (order_id, customer_id, order_date, order_status, delivery_city) VALUES (40, 6, '2024-04-29', 'Cancelled', 'Chennai');
INSERT INTO orders (order_id, customer_id, order_date, order_status, delivery_city) VALUES (41, 7, '2024-05-02', 'Cancelled', 'Delhi');
INSERT INTO orders (order_id, customer_id, order_date, order_status, delivery_city) VALUES (42, 8, '2024-05-05', 'Cancelled', 'Jaipur');
INSERT INTO orders (order_id, customer_id, order_date, order_status, delivery_city) VALUES (43, 9, '2024-05-08', 'Returned', 'Lucknow');
INSERT INTO orders (order_id, customer_id, order_date, order_status, delivery_city) VALUES (44, 10, '2024-05-11', 'Returned', 'Chandigarh');
INSERT INTO orders (order_id, customer_id, order_date, order_status, delivery_city) VALUES (45, 11, '2024-05-14', 'Returned', 'Kolkata');
INSERT INTO orders (order_id, customer_id, order_date, order_status, delivery_city) VALUES (46, 12, '2024-05-17', 'Returned', 'Bhubaneswar');
INSERT INTO orders (order_id, customer_id, order_date, order_status, delivery_city) VALUES (47, 13, '2024-05-20', 'Returned', 'Guwahati');
INSERT INTO orders (order_id, customer_id, order_date, order_status, delivery_city) VALUES (48, 14, '2024-05-23', 'Returned', 'Patna');
INSERT INTO orders (order_id, customer_id, order_date, order_status, delivery_city) VALUES (49, 15, '2024-05-26', 'Returned', 'Indore');
INSERT INTO orders (order_id, customer_id, order_date, order_status, delivery_city) VALUES (50, 16, '2024-05-29', 'Returned', 'Bhopal');

-- Insert order_items
INSERT INTO order_items (order_item_id, order_id, product_id, quantity, unit_price) VALUES (1, 1, 4, 2, 3299.00);
INSERT INTO order_items (order_item_id, order_id, product_id, quantity, unit_price) VALUES (2, 1, 1, 4, 838.95);
INSERT INTO order_items (order_item_id, order_id, product_id, quantity, unit_price) VALUES (3, 2, 9, 4, 2938.95);
INSERT INTO order_items (order_item_id, order_id, product_id, quantity, unit_price) VALUES (4, 2, 8, 4, 1424.05);
INSERT INTO order_items (order_item_id, order_id, product_id, quantity, unit_price) VALUES (5, 3, 8, 4, 1424.05);
INSERT INTO order_items (order_item_id, order_id, product_id, quantity, unit_price) VALUES (6, 3, 5, 2, 4599.00);
INSERT INTO order_items (order_item_id, order_id, product_id, quantity, unit_price) VALUES (7, 4, 4, 1, 3299.00);
INSERT INTO order_items (order_item_id, order_id, product_id, quantity, unit_price) VALUES (8, 4, 3, 1, 1258.95);
INSERT INTO order_items (order_item_id, order_id, product_id, quantity, unit_price) VALUES (9, 5, 14, 4, 1048.95);
INSERT INTO order_items (order_item_id, order_id, product_id, quantity, unit_price) VALUES (10, 5, 2, 1, 2374.05);
INSERT INTO order_items (order_item_id, order_id, product_id, quantity, unit_price) VALUES (11, 6, 1, 4, 759.05);
INSERT INTO order_items (order_item_id, order_id, product_id, quantity, unit_price) VALUES (12, 6, 3, 3, 1199.00);
INSERT INTO order_items (order_item_id, order_id, product_id, quantity, unit_price) VALUES (13, 7, 7, 3, 6599.00);
INSERT INTO order_items (order_item_id, order_id, product_id, quantity, unit_price) VALUES (14, 7, 8, 1, 1573.95);
INSERT INTO order_items (order_item_id, order_id, product_id, quantity, unit_price) VALUES (15, 8, 17, 2, 1993.95);
INSERT INTO order_items (order_item_id, order_id, product_id, quantity, unit_price) VALUES (16, 8, 1, 3, 759.05);
INSERT INTO order_items (order_item_id, order_id, product_id, quantity, unit_price) VALUES (17, 9, 7, 1, 6269.05);
INSERT INTO order_items (order_item_id, order_id, product_id, quantity, unit_price) VALUES (18, 9, 14, 1, 999.00);
INSERT INTO order_items (order_item_id, order_id, product_id, quantity, unit_price) VALUES (19, 10, 8, 3, 1499.00);
INSERT INTO order_items (order_item_id, order_id, product_id, quantity, unit_price) VALUES (20, 10, 15, 3, 523.95);
INSERT INTO order_items (order_item_id, order_id, product_id, quantity, unit_price) VALUES (21, 11, 9, 1, 2938.95);
INSERT INTO order_items (order_item_id, order_id, product_id, quantity, unit_price) VALUES (22, 11, 1, 2, 759.05);
INSERT INTO order_items (order_item_id, order_id, product_id, quantity, unit_price) VALUES (23, 12, 6, 3, 854.05);
INSERT INTO order_items (order_item_id, order_id, product_id, quantity, unit_price) VALUES (24, 12, 14, 4, 999.00);
INSERT INTO order_items (order_item_id, order_id, product_id, quantity, unit_price) VALUES (25, 13, 11, 1, 1299.00);
INSERT INTO order_items (order_item_id, order_id, product_id, quantity, unit_price) VALUES (26, 13, 9, 4, 2938.95);
INSERT INTO order_items (order_item_id, order_id, product_id, quantity, unit_price) VALUES (27, 14, 5, 4, 4828.95);
INSERT INTO order_items (order_item_id, order_id, product_id, quantity, unit_price) VALUES (28, 14, 7, 3, 6269.05);
INSERT INTO order_items (order_item_id, order_id, product_id, quantity, unit_price) VALUES (29, 15, 11, 3, 1234.05);
INSERT INTO order_items (order_item_id, order_id, product_id, quantity, unit_price) VALUES (30, 15, 4, 1, 3299.00);
INSERT INTO order_items (order_item_id, order_id, product_id, quantity, unit_price) VALUES (31, 16, 3, 4, 1199.00);
INSERT INTO order_items (order_item_id, order_id, product_id, quantity, unit_price) VALUES (32, 16, 13, 3, 8923.95);
INSERT INTO order_items (order_item_id, order_id, product_id, quantity, unit_price) VALUES (33, 17, 4, 2, 3463.95);
INSERT INTO order_items (order_item_id, order_id, product_id, quantity, unit_price) VALUES (34, 17, 12, 3, 664.05);
INSERT INTO order_items (order_item_id, order_id, product_id, quantity, unit_price) VALUES (35, 18, 12, 3, 664.05);
INSERT INTO order_items (order_item_id, order_id, product_id, quantity, unit_price) VALUES (36, 18, 9, 1, 2799.00);
INSERT INTO order_items (order_item_id, order_id, product_id, quantity, unit_price) VALUES (37, 19, 2, 2, 2499.00);
INSERT INTO order_items (order_item_id, order_id, product_id, quantity, unit_price) VALUES (38, 19, 15, 4, 523.95);
INSERT INTO order_items (order_item_id, order_id, product_id, quantity, unit_price) VALUES (39, 20, 4, 1, 3463.95);
INSERT INTO order_items (order_item_id, order_id, product_id, quantity, unit_price) VALUES (40, 20, 13, 3, 8074.05);
INSERT INTO order_items (order_item_id, order_id, product_id, quantity, unit_price) VALUES (41, 21, 3, 1, 1139.05);
INSERT INTO order_items (order_item_id, order_id, product_id, quantity, unit_price) VALUES (42, 21, 10, 1, 3599.00);
INSERT INTO order_items (order_item_id, order_id, product_id, quantity, unit_price) VALUES (43, 22, 12, 3, 699.00);
INSERT INTO order_items (order_item_id, order_id, product_id, quantity, unit_price) VALUES (44, 22, 7, 3, 6928.95);
INSERT INTO order_items (order_item_id, order_id, product_id, quantity, unit_price) VALUES (45, 23, 3, 3, 1258.95);
INSERT INTO order_items (order_item_id, order_id, product_id, quantity, unit_price) VALUES (46, 23, 2, 3, 2374.05);
INSERT INTO order_items (order_item_id, order_id, product_id, quantity, unit_price) VALUES (47, 24, 8, 1, 1424.05);
INSERT INTO order_items (order_item_id, order_id, product_id, quantity, unit_price) VALUES (48, 24, 10, 4, 3599.00);
INSERT INTO order_items (order_item_id, order_id, product_id, quantity, unit_price) VALUES (49, 25, 3, 1, 1199.00);
INSERT INTO order_items (order_item_id, order_id, product_id, quantity, unit_price) VALUES (50, 25, 8, 3, 1573.95);
INSERT INTO order_items (order_item_id, order_id, product_id, quantity, unit_price) VALUES (51, 26, 4, 3, 3463.95);
INSERT INTO order_items (order_item_id, order_id, product_id, quantity, unit_price) VALUES (52, 26, 13, 1, 8074.05);
INSERT INTO order_items (order_item_id, order_id, product_id, quantity, unit_price) VALUES (53, 27, 9, 1, 2659.05);
INSERT INTO order_items (order_item_id, order_id, product_id, quantity, unit_price) VALUES (54, 27, 15, 4, 499.00);
INSERT INTO order_items (order_item_id, order_id, product_id, quantity, unit_price) VALUES (55, 28, 12, 1, 699.00);
INSERT INTO order_items (order_item_id, order_id, product_id, quantity, unit_price) VALUES (56, 28, 6, 4, 943.95);
INSERT INTO order_items (order_item_id, order_id, product_id, quantity, unit_price) VALUES (57, 29, 12, 2, 733.95);
INSERT INTO order_items (order_item_id, order_id, product_id, quantity, unit_price) VALUES (58, 29, 17, 4, 1804.05);
INSERT INTO order_items (order_item_id, order_id, product_id, quantity, unit_price) VALUES (59, 30, 7, 2, 6269.05);
INSERT INTO order_items (order_item_id, order_id, product_id, quantity, unit_price) VALUES (60, 30, 9, 1, 2799.00);
INSERT INTO order_items (order_item_id, order_id, product_id, quantity, unit_price) VALUES (61, 31, 3, 3, 1199.00);
INSERT INTO order_items (order_item_id, order_id, product_id, quantity, unit_price) VALUES (62, 31, 6, 3, 943.95);
INSERT INTO order_items (order_item_id, order_id, product_id, quantity, unit_price) VALUES (63, 32, 8, 1, 1573.95);
INSERT INTO order_items (order_item_id, order_id, product_id, quantity, unit_price) VALUES (64, 32, 6, 4, 854.05);
INSERT INTO order_items (order_item_id, order_id, product_id, quantity, unit_price) VALUES (65, 33, 15, 1, 474.05);
INSERT INTO order_items (order_item_id, order_id, product_id, quantity, unit_price) VALUES (66, 33, 13, 4, 8499.00);
INSERT INTO order_items (order_item_id, order_id, product_id, quantity, unit_price) VALUES (67, 34, 9, 4, 2799.00);
INSERT INTO order_items (order_item_id, order_id, product_id, quantity, unit_price) VALUES (68, 34, 8, 4, 1573.95);
INSERT INTO order_items (order_item_id, order_id, product_id, quantity, unit_price) VALUES (69, 35, 11, 3, 1363.95);
INSERT INTO order_items (order_item_id, order_id, product_id, quantity, unit_price) VALUES (70, 35, 2, 3, 2374.05);
INSERT INTO order_items (order_item_id, order_id, product_id, quantity, unit_price) VALUES (71, 36, 8, 1, 1424.05);
INSERT INTO order_items (order_item_id, order_id, product_id, quantity, unit_price) VALUES (72, 37, 2, 4, 2499.00);
INSERT INTO order_items (order_item_id, order_id, product_id, quantity, unit_price) VALUES (73, 38, 11, 2, 1363.95);
INSERT INTO order_items (order_item_id, order_id, product_id, quantity, unit_price) VALUES (74, 39, 13, 1, 8074.05);
INSERT INTO order_items (order_item_id, order_id, product_id, quantity, unit_price) VALUES (75, 40, 9, 2, 2799.00);
INSERT INTO order_items (order_item_id, order_id, product_id, quantity, unit_price) VALUES (76, 41, 3, 1, 1258.95);
INSERT INTO order_items (order_item_id, order_id, product_id, quantity, unit_price) VALUES (77, 42, 7, 2, 6269.05);
INSERT INTO order_items (order_item_id, order_id, product_id, quantity, unit_price) VALUES (78, 43, 11, 3, 1299.00);
INSERT INTO order_items (order_item_id, order_id, product_id, quantity, unit_price) VALUES (79, 44, 7, 4, 6928.95);
INSERT INTO order_items (order_item_id, order_id, product_id, quantity, unit_price) VALUES (80, 45, 16, 2, 14724.05);
INSERT INTO order_items (order_item_id, order_id, product_id, quantity, unit_price) VALUES (81, 46, 13, 4, 8499.00);
INSERT INTO order_items (order_item_id, order_id, product_id, quantity, unit_price) VALUES (82, 47, 15, 3, 523.95);
INSERT INTO order_items (order_item_id, order_id, product_id, quantity, unit_price) VALUES (83, 48, 5, 2, 4369.05);
INSERT INTO order_items (order_item_id, order_id, product_id, quantity, unit_price) VALUES (84, 49, 9, 3, 2799.00);
INSERT INTO order_items (order_item_id, order_id, product_id, quantity, unit_price) VALUES (85, 50, 5, 4, 4828.95);

-- Insert payments
INSERT INTO payments (payment_id, order_id, payment_method, payment_status, payment_amount, payment_date) VALUES (1, 1, 'Credit Card', 'Successful', 9953.80, '2024-01-04');
INSERT INTO payments (payment_id, order_id, payment_method, payment_status, payment_amount, payment_date) VALUES (2, 2, 'Debit Card', 'Successful', 17452.00, '2024-01-08');
INSERT INTO payments (payment_id, order_id, payment_method, payment_status, payment_amount, payment_date) VALUES (3, 3, 'PayPal', 'Successful', 14894.20, '2024-01-12');
INSERT INTO payments (payment_id, order_id, payment_method, payment_status, payment_amount, payment_date) VALUES (4, 4, 'Bank Transfer', 'Successful', 4557.95, '2024-01-16');
INSERT INTO payments (payment_id, order_id, payment_method, payment_status, payment_amount, payment_date) VALUES (5, 5, 'Cash on Delivery', 'Successful', 6569.85, '2024-01-15');
INSERT INTO payments (payment_id, order_id, payment_method, payment_status, payment_amount, payment_date) VALUES (6, 6, 'Credit Card', 'Failed', 0.00, '2024-01-19');
INSERT INTO payments (payment_id, order_id, payment_method, payment_status, payment_amount, payment_date) VALUES (7, 7, 'Debit Card', 'Successful', 21370.95, '2024-01-23');
INSERT INTO payments (payment_id, order_id, payment_method, payment_status, payment_amount, payment_date) VALUES (8, 8, 'PayPal', 'Successful', 6265.05, '2024-01-27');
INSERT INTO payments (payment_id, order_id, payment_method, payment_status, payment_amount, payment_date) VALUES (9, 9, 'Bank Transfer', 'Successful', 7268.05, '2024-01-31');
INSERT INTO payments (payment_id, order_id, payment_method, payment_status, payment_amount, payment_date) VALUES (10, 10, 'Cash on Delivery', 'Successful', 6068.85, '2024-01-30');
INSERT INTO payments (payment_id, order_id, payment_method, payment_status, payment_amount, payment_date) VALUES (11, 11, 'Credit Card', 'Successful', 4457.05, '2024-02-03');
INSERT INTO payments (payment_id, order_id, payment_method, payment_status, payment_amount, payment_date) VALUES (12, 12, 'Debit Card', 'Failed', 0.00, '2024-02-07');
INSERT INTO payments (payment_id, order_id, payment_method, payment_status, payment_amount, payment_date) VALUES (13, 13, 'PayPal', 'Successful', 13054.80, '2024-02-11');
INSERT INTO payments (payment_id, order_id, payment_method, payment_status, payment_amount, payment_date) VALUES (14, 14, 'Bank Transfer', 'Successful', 38122.95, '2024-02-15');
INSERT INTO payments (payment_id, order_id, payment_method, payment_status, payment_amount, payment_date) VALUES (15, 15, 'Cash on Delivery', 'Successful', 7001.15, '2024-02-14');
INSERT INTO payments (payment_id, order_id, payment_method, payment_status, payment_amount, payment_date) VALUES (16, 16, 'Credit Card', 'Successful', 31567.85, '2024-02-18');
INSERT INTO payments (payment_id, order_id, payment_method, payment_status, payment_amount, payment_date) VALUES (17, 17, 'Debit Card', 'Successful', 8920.05, '2024-02-22');
INSERT INTO payments (payment_id, order_id, payment_method, payment_status, payment_amount, payment_date) VALUES (18, 18, 'PayPal', 'Failed', 0.00, '2024-02-26');
INSERT INTO payments (payment_id, order_id, payment_method, payment_status, payment_amount, payment_date) VALUES (19, 19, 'Bank Transfer', 'Successful', 7093.80, '2024-03-01');
INSERT INTO payments (payment_id, order_id, payment_method, payment_status, payment_amount, payment_date) VALUES (20, 20, 'Cash on Delivery', 'Successful', 27686.10, '2024-02-29');
INSERT INTO payments (payment_id, order_id, payment_method, payment_status, payment_amount, payment_date) VALUES (21, 21, 'Credit Card', 'Successful', 4738.05, '2024-03-04');
INSERT INTO payments (payment_id, order_id, payment_method, payment_status, payment_amount, payment_date) VALUES (22, 22, 'Debit Card', 'Successful', 22883.85, '2024-03-08');
INSERT INTO payments (payment_id, order_id, payment_method, payment_status, payment_amount, payment_date) VALUES (23, 23, 'PayPal', 'Successful', 10899.00, '2024-03-12');
INSERT INTO payments (payment_id, order_id, payment_method, payment_status, payment_amount, payment_date) VALUES (24, 24, 'Bank Transfer', 'Failed', 0.00, '2024-03-16');
INSERT INTO payments (payment_id, order_id, payment_method, payment_status, payment_amount, payment_date) VALUES (25, 25, 'Cash on Delivery', 'Successful', 5920.85, '2024-03-15');
INSERT INTO payments (payment_id, order_id, payment_method, payment_status, payment_amount, payment_date) VALUES (26, 26, 'Credit Card', 'Successful', 18465.90, '2024-03-19');
INSERT INTO payments (payment_id, order_id, payment_method, payment_status, payment_amount, payment_date) VALUES (27, 27, 'Debit Card', 'Successful', 4655.05, '2024-03-23');
INSERT INTO payments (payment_id, order_id, payment_method, payment_status, payment_amount, payment_date) VALUES (28, 28, 'PayPal', 'Successful', 4474.80, '2024-03-27');
INSERT INTO payments (payment_id, order_id, payment_method, payment_status, payment_amount, payment_date) VALUES (29, 29, 'Bank Transfer', 'Successful', 8684.10, '2024-03-31');
INSERT INTO payments (payment_id, order_id, payment_method, payment_status, payment_amount, payment_date) VALUES (30, 30, 'Cash on Delivery', 'Failed', 0.00, '2024-03-30');
INSERT INTO payments (payment_id, order_id, payment_method, payment_status, payment_amount, payment_date) VALUES (31, 31, 'Credit Card', 'Successful', 6428.85, '2024-04-03');
INSERT INTO payments (payment_id, order_id, payment_method, payment_status, payment_amount, payment_date) VALUES (32, 32, 'Debit Card', 'Successful', 4990.15, '2024-04-07');
INSERT INTO payments (payment_id, order_id, payment_method, payment_status, payment_amount, payment_date) VALUES (33, 33, 'PayPal', 'Successful', 34470.05, '2024-04-11');
INSERT INTO payments (payment_id, order_id, payment_method, payment_status, payment_amount, payment_date) VALUES (34, 34, 'Bank Transfer', 'Successful', 17491.80, '2024-04-15');
INSERT INTO payments (payment_id, order_id, payment_method, payment_status, payment_amount, payment_date) VALUES (35, 35, 'Cash on Delivery', 'Successful', 11214.00, '2024-04-14');
INSERT INTO payments (payment_id, order_id, payment_method, payment_status, payment_amount, payment_date) VALUES (36, 36, 'Credit Card', 'Failed', 0.00, '2024-04-18');
INSERT INTO payments (payment_id, order_id, payment_method, payment_status, payment_amount, payment_date) VALUES (37, 37, 'Debit Card', 'Successful', 9996.00, '2024-04-22');
INSERT INTO payments (payment_id, order_id, payment_method, payment_status, payment_amount, payment_date) VALUES (38, 38, 'PayPal', 'Successful', 2727.90, '2024-04-26');
INSERT INTO payments (payment_id, order_id, payment_method, payment_status, payment_amount, payment_date) VALUES (39, 39, 'Bank Transfer', 'Successful', 8074.05, '2024-04-30');
INSERT INTO payments (payment_id, order_id, payment_method, payment_status, payment_amount, payment_date) VALUES (40, 40, 'Cash on Delivery', 'Successful', 5598.00, '2024-04-29');
INSERT INTO payments (payment_id, order_id, payment_method, payment_status, payment_amount, payment_date) VALUES (41, 41, 'Credit Card', 'Successful', 1258.95, '2024-05-03');
INSERT INTO payments (payment_id, order_id, payment_method, payment_status, payment_amount, payment_date) VALUES (42, 42, 'Debit Card', 'Failed', 0.00, '2024-05-07');
INSERT INTO payments (payment_id, order_id, payment_method, payment_status, payment_amount, payment_date) VALUES (43, 43, 'PayPal', 'Successful', 3897.00, '2024-05-11');
INSERT INTO payments (payment_id, order_id, payment_method, payment_status, payment_amount, payment_date) VALUES (44, 44, 'Bank Transfer', 'Successful', 27715.80, '2024-05-15');
INSERT INTO payments (payment_id, order_id, payment_method, payment_status, payment_amount, payment_date) VALUES (45, 45, 'Cash on Delivery', 'Successful', 29448.10, '2024-05-14');
INSERT INTO payments (payment_id, order_id, payment_method, payment_status, payment_amount, payment_date) VALUES (46, 46, 'Credit Card', 'Successful', 33996.00, '2024-05-18');
INSERT INTO payments (payment_id, order_id, payment_method, payment_status, payment_amount, payment_date) VALUES (47, 47, 'Debit Card', 'Successful', 1571.85, '2024-05-22');
INSERT INTO payments (payment_id, order_id, payment_method, payment_status, payment_amount, payment_date) VALUES (48, 48, 'PayPal', 'Failed', 0.00, '2024-05-26');
INSERT INTO payments (payment_id, order_id, payment_method, payment_status, payment_amount, payment_date) VALUES (49, 49, 'Bank Transfer', 'Successful', 8397.00, '2024-05-30');
INSERT INTO payments (payment_id, order_id, payment_method, payment_status, payment_amount, payment_date) VALUES (50, 50, 'Cash on Delivery', 'Successful', 19315.80, '2024-05-29');
